Time of feeding,Ingredients,Amount,Unit type,Baby's reaction
01/27/2020 7:30:14 PM,Oatmeal,115,g,Like it!
01/27/2020 7:36:53 PM,Fruit smoothies,63,g,Like it!
01/27/2020 5:46:35 PM,Fruit smoothies,56,g,Like it!
01/26/2020 3:52:56 PM,Fruit smoothies,59,g,Like it!
01/26/2020 7:42:09 PM,Oatmeal,118,g,Like it!
01/26/2020 9:44:59 AM,Oatmeal,103,g,Like it!
01/26/2020 9:32:31 AM,Fruit smoothies,85,g,Like it!
01/26/2020 4:04:45 PM,Oatmeal,29,g,Like it!
01/26/2020 5:40:38 PM,Oatmeal,85,g,Like it!
01/26/2020 5:56:11 PM,Rice,23,g,Like it!
01/26/2020 12:40:14 PM,Oatmeal,103,g,Like it!
01/26/2020 7:38:24 PM,Fruit smoothies,29,g,Like it!
01/25/2020 9:56:18 AM,Oatmeal,70,g,Like it!
01/25/2020 5:46:09 PM,Fruit smoothies,110,g,Like it!
01/25/2020 12:25:53 PM,Oatmeal,99,g,Love it!
01/25/2020 7:20:38 PM,Oatmeal,73,g,Like it!
01/25/2020 10:34:17 AM,Fruit smoothies,31,g,Hate it!
01/25/2020 5:12:33 PM,Oatmeal,94,g,Love it!
01/25/2020 6:45:02 PM,Rice,29,g,Love it!
01/24/2020 12:23:07 PM,Oatmeal,118,g,Love it!
01/24/2020 6:45:33 PM,Oatmeal,122,g,Love it!
01/24/2020 9:40:28 AM,Oatmeal,96,g,Love it!
01/24/2020 4:08:17 PM,Fruit smoothies,41,g,Hate it!
01/24/2020 7:47:25 PM,Oatmeal,29,g,Like it!
01/23/2020 12:15:01 PM,Fruit smoothies,110,g,Like it!
01/23/2020 9:40:49 AM,Avocados,14,g,Like it!
01/23/2020 12:30:17 PM,Avocados,14,g,Like it!
01/23/2020 9:50:28 AM,Oatmeal,73,g,Like it!
01/23/2020 12:50:42 PM,Nuts,5,g,Like it!
01/23/2020 10:00:58 AM,Fruit smoothies,110,g,Like it!
01/23/2020 5:00:51 PM,Rice,14,g,Love it!
01/23/2020 3:10:59 PM,Oatmeal,73,g,Like it!
01/23/2020 3:35:29 PM,Yogurt,59,g,Like it!
01/23/2020 12:05:47 PM,Oatmeal,73,g,Like it!
01/22/2020 6:19:03 PM,Rice,14,g,Like it!
01/22/2020 4:20:03 PM,Oatmeal,76,g,Like it!
01/22/2020 9:37:44 AM,Oatmeal,53,g,Like it!
01/22/2020 4:05:17 PM,Fruit smoothies,25,g,Like it!
01/22/2020 12:31:47 PM,Oatmeal,76,g,Like it!
01/22/2020 12:37:01 PM,Fruit smoothies,14,g,Like it!
01/22/2020 6:05:32 PM,Fruit smoothies,110,g,Like it!
01/22/2020 9:30:36 AM,Fruit smoothies,63,g,Like it!
01/21/2020 4:24:02 PM,Oatmeal,82,g,Like it!
01/21/2020 6:20:58 PM,Fruit smoothies,82,g,Like it!
01/21/2020 4:00:51 PM,Fruit smoothies,5,g,Hate it!
01/21/2020 9:20:50 AM,Oatmeal,79,g,Like it!
01/21/2020 9:30:50 AM,Fruit smoothies,84,g,Like it!
01/21/2020 12:05:50 PM,Oatmeal,85,g,Like it!
01/21/2020 12:11:58 PM,Fruit smoothies,29,g,Like it!
01/20/2020 12:30:43 PM,Rice,29,g,Like it!
01/20/2020 9:30:25 AM,Oatmeal,73,g,Like it!
01/20/2020 3:35:25 PM,Yogurt,115,g,Like it!
01/20/2020 9:40:42 AM,Fruit smoothies,110,g,Like it!
01/20/2020 3:50:41 PM,Oatmeal,76,g,Like it!
01/20/2020 12:05:09 PM,Oatmeal,73,g,Like it!
01/20/2020 12:15:24 PM,Fruit smoothies,110,g,Like it!
01/19/2020 3:50:03 PM,Fruit smoothies,59,g,Like it!
01/19/2020 9:32:06 AM,Oatmeal,125,g,Like it!
01/18/2020 6:45:09 PM,Rice,59,g,Love it!
01/18/2020 7:50:19 PM,Fruit smoothies,44,g,Like it!
01/18/2020 9:16:13 AM,Oatmeal,45,g,Like it!
01/18/2020 11:47:59 AM,Fruit smoothies,53,g,Like it!
01/18/2020 9:32:27 AM,Fruit smoothies,17,g,Hate it!
01/18/2020 6:10:06 PM,Fruit smoothies,11,g,Hate it!
01/18/2020 10:10:17 AM,Fruit smoothies,81,g,Like it!
01/18/2020 2:50:04 PM,Oatmeal,73,g,Love it!
01/17/2020 3:55:08 PM,Rice cereal,59,g,Hate it!
01/17/2020 6:46:36 PM,Rice,29,g,Like it!
01/17/2020 9:43:16 AM,Fruit smoothies,50,g,Like it!
01/17/2020 3:04:25 PM,Fruit smoothies,29,g,Hate it!
01/17/2020 9:34:49 AM,Oatmeal,75,g,Love it!
01/17/2020 12:25:44 PM,Rice,14,g,Like it!
01/17/2020 5:35:23 PM,Fruit smoothies,23,g,Hate it!
01/16/2020 3:05:13 PM,Oatmeal,44,g,Like it!
01/16/2020 6:40:41 PM,Rice,29,g,Love it!
01/16/2020 3:25:28 PM,Yogurt,162,g,Like it!
01/16/2020 9:30:23 AM,Oatmeal,73,g,Like it!
01/16/2020 3:40:41 PM,Rice,29,g,Like it!
01/16/2020 9:40:00 AM,Fruit smoothies,110,g,Like it!
01/16/2020 6:20:39 PM,Fruit smoothies,110,g,Like it!
01/16/2020 12:05:31 PM,Oatmeal,73,g,Like it!
01/16/2020 12:20:45 PM,Fruit smoothies,110,g,Like it!
01/15/2020 3:20:27 PM,Yogurt,14,g,Hate it!
01/15/2020 12:05:53 PM,Oatmeal,76,g,Like it!
01/15/2020 6:03:37 PM,Yogurt,68,g,Like it!
01/15/2020 12:15:13 PM,Fruit smoothies,110,g,Like it!
01/15/2020 9:30:47 AM,Applesauce,88,g,Like it!
01/15/2020 9:37:01 AM,Oatmeal,76,g,Like it!
01/15/2020 12:30:58 PM,Nuts,5,g,Like it!
01/15/2020 7:53:05 PM,Fruit smoothies,44,g,Like it!
01/15/2020 9:45:18 AM,Fruit smoothies,110,g,Like it!
01/15/2020 3:10:13 PM,Oatmeal,76,g,Like it!
01/14/2020 9:40:03 AM,Fruit smoothies,110,g,Like it!
01/14/2020 3:10:43 PM,Oatmeal,65,g,Like it!
01/14/2020 7:50:24 PM,Fruit smoothies,68,g,Like it!
01/14/2020 3:25:58 PM,Yogurt,156,g,Like it!
01/14/2020 12:10:36 PM,Oatmeal,65,g,Like it!
01/14/2020 12:30:48 PM,Fruit smoothies,110,g,Like it!
01/14/2020 5:42:06 PM,Fruit smoothies,73,g,Like it!
01/14/2020 9:30:34 AM,Oatmeal,65,g,Like it!
01/14/2020 12:50:24 PM,Nuts,8,g,Like it!
01/13/2020 12:40:06 PM,Nuts,17,g,Like it!
01/13/2020 3:05:54 PM,Oatmeal,76,g,Like it!
01/13/2020 5:44:46 PM,Fruit smoothies,50,g,Like it!
01/13/2020 12:05:13 PM,Oatmeal,76,g,Like it!
01/13/2020 3:25:08 PM,Yogurt,73,g,Like it!
01/13/2020 7:47:53 PM,Fruit smoothies,41,g,Like it!
01/13/2020 12:15:27 PM,Fruit smoothies,110,g,Like it!
01/13/2020 9:30:29 AM,Oatmeal,76,g,Like it!
01/13/2020 9:40:44 AM,Fruit smoothies,110,g,Like it!
01/12/2020 9:50:15 AM,Oatmeal,29,g,Like it!
01/12/2020 10:12:26 AM,Fruit smoothies,10,g,Hate it!
01/12/2020 6:50:39 PM,Fruit smoothies,54,g,Like it!
01/12/2020 12:50:41 PM,Nuts,5,g,Like it!
01/12/2020 10:38:33 AM,Fruit smoothies,110,g,Like it!
01/12/2020 4:13:16 PM,Yogurt,103,g,Like it!
01/11/2020 5:20:46 PM,Fruit smoothies,110,g,Love it!
01/11/2020 9:25:37 AM,Oatmeal,76,g,Like it!
01/11/2020 6:37:34 PM,Yogurt,14,g,Hate it!
01/11/2020 11:46:40 AM,Fruit smoothies,84,g,Like it!
01/11/2020 9:40:18 AM,Fruit smoothies,32,g,Like it!
01/11/2020 7:47:20 PM,Fruit smoothies,56,g,Like it!
01/10/2020 10:47:15 AM,Fruit smoothies,17,g,Hate it!
01/10/2020 9:50:21 AM,Fruit smoothies,20,g,Like it!
01/10/2020 3:25:40 PM,Fruit smoothies,88,g,Like it!
01/10/2020 7:50:50 PM,Fruit smoothies,47,g,Like it!
01/10/2020 9:40:10 AM,Oatmeal,50,g,Like it!
01/10/2020 4:49:47 PM,Oatmeal,88,g,Like it!
01/10/2020 11:55:42 AM,Fruit smoothies,109,g,Like it!
01/10/2020 3:40:03 PM,Yogurt,35,g,Like it!
01/09/2020 9:40:55 AM,Fruit smoothies,110,g,Like it!
01/09/2020 3:15:49 PM,Oatmeal,76,g,Like it!
01/09/2020 7:55:46 PM,Fruit smoothies,102,g,Like it!
01/09/2020 3:25:01 PM,Yogurt,156,g,Like it!
01/09/2020 12:05:26 PM,Oatmeal,76,g,Like it!
01/09/2020 12:15:44 PM,Fruit smoothies,110,g,Like it!
01/09/2020 12:40:11 PM,Nuts,5,g,Like it!
01/09/2020 6:50:31 PM,Fruit smoothies,26,g,Like it!
01/09/2020 9:30:39 AM,Oatmeal,76,g,Like it!
01/08/2020 3:20:27 PM,Yogurt,14,g,Hate it!
01/08/2020 9:40:44 AM,Fruit smoothies,110,g,Like it!
01/08/2020 7:17:45 PM,Fruit smoothies,59,g,Like it!
01/08/2020 12:05:13 PM,Oatmeal,76,g,Like it!
01/08/2020 12:15:30 PM,Fruit smoothies,110,g,Like it!
01/08/2020 7:55:12 PM,Oatmeal,44,g,Like it!
01/08/2020 12:25:46 PM,Nuts,11,g,Like it!
01/08/2020 3:05:12 PM,Oatmeal,59,g,Like it!
01/08/2020 5:45:42 PM,Oatmeal,11,g,Hate it!
01/08/2020 9:30:28 AM,Oatmeal,76,g,Like it!
01/07/2020 3:05:40 PM,Oatmeal,76,g,Like it!
01/07/2020 6:05:47 PM,Fruit smoothies,112,g,Like it!
01/07/2020 3:25:55 PM,Yogurt,122,g,Like it!
01/07/2020 7:20:01 PM,Fruit smoothies,41,g,Like it!
01/07/2020 12:05:31 PM,Oatmeal,76,g,Like it!
01/07/2020 9:30:26 AM,Oatmeal,76,g,Like it!
01/07/2020 12:40:19 PM,Fruit smoothies,76,g,Like it!
01/07/2020 9:40:41 AM,Fruit smoothies,110,g,Like it!
01/06/2020 8:00:40 PM,Fruit smoothies,19,g,Hate it!
01/06/2020 3:10:04 PM,Oatmeal,76,g,Like it!
01/06/2020 7:01:24 PM,Yogurt,23,g,Hate it!
01/06/2020 9:50:34 AM,Oatmeal,76,g,Like it!
01/06/2020 3:30:18 PM,Yogurt,14,g,Like it!
01/06/2020 12:05:56 PM,Oatmeal,76,g,Like it!
01/06/2020 12:15:11 PM,Nuts,5,g,Like it!
01/06/2020 8:30:32 AM,Nuts,5,g,Like it!
01/06/2020 9:30:51 AM,Fruit smoothies,110,g,Like it!
01/06/2020 12:30:29 PM,Fruit smoothies,110,g,Like it!
01/05/2020 6:45:21 PM,Fruit smoothies,112,g,Like it!
01/05/2020 3:50:34 PM,Yogurt,56,g,Like it!
01/05/2020 10:00:26 AM,Fruit smoothies,82,g,Like it!
01/05/2020 12:00:55 PM,Fruit smoothies,57,g,Like it!
01/05/2020 12:25:00 PM,Oatmeal,53,g,Like it!
01/04/2020 7:26:16 AM,Fruit smoothies,17,g,Like it!
01/04/2020 12:28:36 PM,Oatmeal,17,g,Like it!
01/04/2020 12:40:49 PM,Fruit smoothies,23,g,Like it!
01/04/2020 7:53:49 PM,Fruit smoothies,38,g,Like it!
01/04/2020 3:59:33 PM,Yogurt,42,g,Like it!
01/04/2020 8:02:36 PM,Nuts,5,g,Like it!
01/04/2020 4:38:25 PM,Fruit smoothies,32,g,Like it!
01/04/2020 4:11:28 PM,Oatmeal,29,g,Like it!
01/04/2020 10:20:54 AM,Fruit smoothies,56,g,Like it!
01/04/2020 10:11:32 AM,Fruit smoothies,93,g,Like it!
01/03/2020 8:40:44 AM,Oatmeal,75,g,Like it!
01/03/2020 10:02:17 AM,Fruit smoothies,41,g,Like it!
01/03/2020 3:17:27 PM,Oatmeal,35,g,Like it!
01/03/2020 5:58:48 PM,Fruit smoothies,5,g,Like it!
01/03/2020 12:05:16 PM,Fruit smoothies,99,g,Like it!
01/03/2020 7:56:24 PM,Fruit smoothies,31,g,Like it!
01/03/2020 4:40:56 PM,Fruit smoothies,97,g,Like it!
01/03/2020 9:20:29 AM,Fruit smoothies,28,g,Like it!
01/03/2020 7:15:30 PM,Oatmeal,85,g,Like it!
01/02/2020 3:30:16 PM,Yogurt,59,g,Like it!
01/02/2020 9:50:46 AM,Fruit smoothies,68,g,Like it!
01/02/2020 3:40:49 PM,Oatmeal,73,g,Like it!
01/02/2020 8:45:22 AM,Oatmeal,73,g,Like it!
01/02/2020 12:25:17 PM,Oatmeal,35,g,Like it!
01/02/2020 12:40:33 PM,Fruit smoothies,109,g,Like it!
01/02/2020 5:35:44 PM,Fruit smoothies,88,g,Like it!
01/02/2020 3:05:04 PM,Nuts,5,g,Like it!
01/02/2020 9:40:33 AM,Oatmeal,73,g,Like it!
01/01/2020 8:54:56 AM,Fruit smoothies,112,g,Like it!
01/01/2020 6:12:44 PM,Fruit smoothies,109,g,Like it!
01/01/2020 7:52:26 PM,Fruit smoothies,100,g,Like it!
01/01/2020 10:58:11 AM,Yogurt,88,g,Like it!
01/01/2020 8:45:55 AM,Oatmeal,91,g,Like it!
01/01/2020 3:16:33 PM,Oatmeal,88,g,Like it!
01/01/2020 12:37:59 PM,Fruit smoothies,109,g,Like it!
12/31/2019 7:38:09 AM,Fruit smoothies,32,g,Like it!
12/31/2019 6:40:11 PM,Fruit smoothies,109,g,Like it!
12/31/2019 7:53:52 PM,Fruit smoothies,103,g,Like it!
12/31/2019 12:25:53 PM,Oatmeal,76,g,Like it!
12/31/2019 9:15:09 AM,Oatmeal,76,g,Love it!
12/31/2019 4:15:36 PM,Yogurt,65,g,Like it!
12/31/2019 9:20:38 AM,Fruit smoothies,47,g,Like it!
12/31/2019 12:34:46 PM,Fruit smoothies,60,g,Like it!
12/31/2019 4:11:15 PM,Fruit smoothies,88,g,Hate it!
12/30/2019 4:05:56 PM,Yogurt,82,g,Like it!
12/30/2019 11:58:58 AM,Fruit smoothies,47,g,Like it!
12/30/2019 7:56:50 PM,Fruit smoothies,38,g,Like it!
12/30/2019 9:25:01 AM,Oatmeal,85,g,Like it!
12/30/2019 4:22:33 PM,Fruit smoothies,47,g,Like it!
12/30/2019 12:40:41 PM,Oatmeal,73,g,Like it!
12/30/2019 9:36:12 AM,Fruit smoothies,59,g,Like it!
12/30/2019 7:50:58 AM,Fruit smoothies,32,g,Like it!
12/30/2019 6:00:20 PM,Fruit smoothies,103,g,Like it!
12/29/2019 3:30:55 PM,Oatmeal,73,g,Like it!
12/29/2019 12:20:07 PM,Yogurt,68,g,Like it!
12/29/2019 8:50:08 AM,Oatmeal,23,g,Like it!
12/29/2019 9:05:22 AM,Fruit smoothies,41,g,Like it!
12/29/2019 9:30:34 AM,Fruit smoothies,51,g,Like it!
12/29/2019 7:48:35 PM,Fruit smoothies,50,g,Like it!
12/29/2019 3:43:55 PM,Fruit smoothies,63,g,Like it!
12/29/2019 10:50:04 AM,Fruit smoothies,17,g,Like it!
12/29/2019 12:32:48 PM,Fruit smoothies,23,g,Like it!
12/29/2019 10:45:18 AM,Oatmeal,56,g,Like it!
12/29/2019 5:30:36 PM,Fruit smoothies,110,g,Like it!
12/28/2019 7:54:00 PM,Fruit smoothies,91,g,Like it!
12/28/2019 9:15:20 AM,Fruit smoothies,91,g,Like it!
12/28/2019 11:46:56 AM,Yogurt,88,g,Like it!
12/28/2019 6:01:28 PM,Fruit smoothies,45,g,Like it!
12/28/2019 8:55:44 AM,Oatmeal,79,g,Like it!
12/28/2019 5:56:43 PM,Oatmeal,82,g,Like it!
12/28/2019 1:00:14 PM,Fruit smoothies,112,g,Like it!
12/27/2019 6:48:16 PM,Fruit smoothies,122,g,Like it!
12/27/2019 12:15:50 PM,Oatmeal,39,g,Like it!
12/27/2019 8:52:20 AM,Oatmeal,79,g,Like it!
12/27/2019 4:10:10 PM,Fruit smoothies,82,g,Like it!
12/27/2019 12:05:10 PM,Fruit smoothies,59,g,Like it!
12/27/2019 3:40:47 PM,Yogurt,50,g,Like it!
12/27/2019 9:38:58 AM,Fruit smoothies,75,g,Like it!
12/26/2019 7:47:50 PM,Fruit smoothies,76,g,Like it!
12/26/2019 5:45:30 PM,Yogurt,17,g,Like it!
12/26/2019 12:15:16 PM,Oatmeal,82,g,Like it!
12/26/2019 7:41:22 PM,Oatmeal,41,g,Like it!
12/26/2019 3:18:47 PM,Yogurt,73,g,Like it!
12/26/2019 10:05:06 AM,Fruit smoothies,131,g,Like it!
12/26/2019 3:28:16 PM,Fruit smoothies,68,g,Like it!
12/26/2019 5:23:04 PM,Fruit smoothies,56,g,Like it!
12/26/2019 9:15:33 AM,Oatmeal,81,g,Like it!
12/25/2019 4:38:08 PM,Fruit smoothies,39,g,Like it!
12/25/2019 9:03:01 AM,Oatmeal,65,g,Like it!
12/25/2019 8:55:10 AM,Nuts,5,g,Like it!
12/25/2019 9:09:51 AM,Fruit smoothies,100,g,Like it!
12/25/2019 12:35:19 PM,Oatmeal,66,g,Like it!
12/25/2019 7:52:34 PM,Fruit smoothies,66,g,Like it!
12/25/2019 5:34:35 PM,Fruit smoothies,47,g,Like it!
12/25/2019 12:43:32 PM,Fruit smoothies,81,g,Like it!
12/25/2019 5:25:35 PM,Yogurt,35,g,Like it!
12/24/2019 7:27:59 PM,Fruit smoothies,82,g,Like it!
12/24/2019 10:35:33 AM,Fruit smoothies,59,g,Like it!
12/24/2019 12:14:08 PM,Oatmeal,82,g,Like it!
12/24/2019 4:10:53 PM,Fruit smoothies,96,g,Like it!
12/24/2019 12:19:18 PM,Fruit smoothies,68,g,Like it!
12/24/2019 8:48:27 AM,Oatmeal,79,g,Like it!
12/24/2019 5:22:38 PM,Yogurt,73,g,Like it!
12/23/2019 4:50:17 PM,Fruit smoothies,72,g,Like it!
12/23/2019 8:18:19 AM,Oatmeal,56,g,Like it!
12/23/2019 12:36:14 PM,Oatmeal,73,g,Like it!
12/23/2019 10:30:29 AM,Fruit smoothies,29,g,Like it!
12/23/2019 9:23:35 AM,Fruit smoothies,76,g,Like it!
12/23/2019 6:14:21 PM,Nuts,5,g,Like it!
12/23/2019 4:05:57 PM,Fruit smoothies,41,g,Like it!
12/23/2019 10:37:12 AM,Oatmeal,47,g,Like it!
12/23/2019 6:20:34 PM,Yogurt,50,g,Like it!
12/22/2019 11:15:12 AM,Fruit smoothies,88,g,Like it!
12/22/2019 4:04:21 PM,Yogurt,11,g,Hate it!
12/22/2019 9:40:07 AM,Fruit smoothies,47,g,Like it!
12/22/2019 5:57:58 PM,Fruit smoothies,19,g,Like it!
12/22/2019 5:24:51 PM,Fruit smoothies,54,g,Love it!
12/22/2019 4:10:45 PM,Nuts,11,g,Like it!
12/22/2019 12:49:38 PM,Fruit smoothies,36,g,Like it!
12/22/2019 7:10:33 PM,Fruit smoothies,87,g,Like it!
12/22/2019 3:52:36 PM,Oatmeal,66,g,Like it!
12/22/2019 12:39:07 PM,Oatmeal,38,g,Like it!
12/22/2019 8:30:14 AM,Oatmeal,23,g,Like it!
12/22/2019 9:35:45 AM,Oatmeal,50,g,Like it!
12/22/2019 8:45:37 AM,Fruit smoothies,41,g,Like it!
12/21/2019 12:01:17 PM,Fruit smoothies,48,g,Like it!
12/21/2019 9:05:42 AM,Oatmeal,14,g,Like it!
12/21/2019 7:55:43 PM,"Apricots,Sweet potatoes,Bananas",69,g,Like it!
12/21/2019 5:20:09 PM,Fruit smoothies,59,g,Like it!
12/21/2019 6:25:36 PM,Applesauce,88,g,Love it!
12/21/2019 5:25:33 PM,Yogurt,11,g,Like it!
12/21/2019 4:15:51 PM,Yogurt,5,g,Hate it!
12/21/2019 9:28:11 AM,Oatmeal,70,g,Like it!
12/21/2019 12:29:43 PM,Oatmeal,73,g,Like it!
12/21/2019 5:33:32 PM,Oatmeal,38,g,Like it!
12/21/2019 9:45:53 AM,Fruit smoothies,69,g,Like it!
12/20/2019 9:17:06 AM,Fruit smoothies,68,g,Like it!
12/20/2019 3:40:19 PM,Rice cereal,23,g,Like it!
12/20/2019 3:53:32 PM,Fruit smoothies,26,g,Like it!
12/20/2019 12:50:06 PM,Rice cereal,53,g,Like it!
12/20/2019 6:15:17 PM,Fruit smoothies,57,g,Like it!
12/20/2019 12:55:19 PM,Fruit smoothies,41,g,Like it!
12/20/2019 10:30:16 AM,Rice cereal,79,g,Love it!
12/20/2019 6:20:48 PM,Fruit smoothies,17,g,Hate it!
12/20/2019 10:40:45 AM,Fruit smoothies,41,g,Like it!
12/20/2019 7:45:54 PM,Fruit smoothies,23,g,Like it!
12/20/2019 5:04:41 PM,Yogurt,35,g,Like it!
12/19/2019 9:45:18 AM,Nuts,2,g,Like it!
12/19/2019 5:27:27 PM,Fruit smoothies,50,g,Like it!
12/19/2019 9:50:34 AM,Fruit smoothies,103,g,Like it!
12/19/2019 5:34:13 PM,Yogurt,11,g,Hate it!
12/19/2019 12:00:11 PM,Oatmeal,82,g,Like it!
12/19/2019 3:08:58 PM,Oatmeal,44,g,Like it!
12/19/2019 12:10:27 PM,Fruit smoothies,59,g,Like it!
12/19/2019 9:35:14 AM,Oatmeal,82,g,Like it!
12/19/2019 3:20:20 PM,Yogurt,59,g,Like it!
12/19/2019 7:00:46 PM,Yogurt,17,g,Like it!
12/19/2019 7:06:57 PM,Fruit smoothies,47,g,Like it!
12/18/2019 12:40:23 PM,Fruit smoothies,110,g,Like it!
12/18/2019 3:30:51 PM,Yogurt,147,g,Like it!
12/18/2019 6:45:00 PM,"Pears,Peas,Broccoli",59,g,Like it!
12/18/2019 9:30:08 AM,Oatmeal,73,g,Like it!
12/18/2019 8:02:08 PM,"Pears,Peas,Broccoli",47,g,Like it!
12/18/2019 9:50:37 AM,Fruit smoothies,110,g,Like it!
12/18/2019 12:05:53 PM,Oatmeal,73,g,Like it!
12/17/2019 9:50:36 AM,Fruit smoothies,110,g,Like it!
12/17/2019 3:05:24 PM,Yogurt,118,g,Like it!
12/17/2019 12:00:51 PM,Oatmeal,68,g,Like it!
12/17/2019 12:15:23 PM,Fruit smoothies,110,g,Like it!
12/17/2019 6:02:58 PM,Fruit smoothies,106,g,Love it!
12/17/2019 12:25:49 PM,Nuts,5,g,Like it!
12/17/2019 9:30:07 AM,Oatmeal,68,g,Like it!
12/16/2019 3:35:48 PM,Yogurt,38,g,Like it!
12/16/2019 3:15:35 PM,Oatmeal,2,g,Hate it!
12/16/2019 9:30:31 AM,Oatmeal,76,g,Like it!
12/16/2019 8:20:47 AM,Yogurt,26,g,Like it!
12/16/2019 9:40:44 AM,Fruit smoothies,110,g,Like it!
12/16/2019 12:10:19 PM,Nuts,5,g,Like it!
12/16/2019 12:20:48 PM,Oatmeal,38,g,Like it!
12/16/2019 4:48:14 PM,Fruit smoothies,85,g,Like it!
12/16/2019 8:01:34 AM,Oatmeal,35,g,Like it!
12/16/2019 12:35:06 PM,"Chicken,Other",5,g,Hate it!
12/15/2019 9:19:58 AM,Oatmeal,65,g,Love it!
12/15/2019 6:50:11 PM,Yogurt,39,g,Like it!
12/15/2019 9:24:58 AM,Fruit smoothies,68,g,Like it!
12/15/2019 12:15:25 PM,Fruit smoothies,14,g,Like it!
12/15/2019 12:28:42 PM,Yogurt,54,g,Like it!
12/15/2019 12:21:35 PM,Rice cereal,8,g,Hate it!
12/15/2019 4:36:37 PM,Yogurt,39,g,Like it!
12/15/2019 4:50:24 PM,Fruit smoothies,94,g,Like it!
12/14/2019 4:30:48 PM,Fruit smoothies,44,g,Like it!
12/14/2019 10:02:43 AM,Oatmeal,50,g,Like it!
12/14/2019 9:15:27 AM,Wheat cereal,2,g,Hate it!
12/14/2019 10:13:55 AM,Fruit smoothies,23,g,Like it!
12/14/2019 7:51:40 PM,Fruit smoothies,50,g,Love it!
12/14/2019 8:04:26 AM,Nuts,5,g,Love it!
12/14/2019 12:12:27 PM,Yogurt,47,g,Like it!
12/14/2019 8:17:20 AM,Yogurt,8,g,Like it!
12/14/2019 9:21:44 AM,Fruit smoothies,19,g,Like it!
12/14/2019 7:58:09 PM,Oatmeal,53,g,Like it!
12/14/2019 6:28:50 PM,Fruit smoothies,59,g,Love it!
12/13/2019 9:00:00 AM,Oatmeal,44,g,Like it!
12/13/2019 11:33:41 AM,Fruit smoothies,59,g,Love it!
12/13/2019 12:42:11 PM,Oatmeal,20,g,Hate it!
12/13/2019 9:05:11 AM,Fruit smoothies,23,g,Like it!
12/13/2019 9:50:34 AM,Fruit smoothies,76,g,Love it!
12/13/2019 8:12:02 AM,Oatmeal,20,g,Like it!
12/13/2019 5:00:25 PM,Fruit smoothies,53,g,Like it!
12/13/2019 12:24:20 PM,Nuts,5,g,Like it!
12/13/2019 6:35:19 PM,Yogurt,68,g,Like it!
12/12/2019 3:15:31 PM,Nuts,17,g,Like it!
12/12/2019 6:40:48 PM,Fruit smoothies,47,g,Love it!
12/12/2019 12:05:22 PM,Oatmeal,73,g,Like it!
12/12/2019 6:12:18 PM,Oatmeal,59,g,Like it!
12/12/2019 3:25:03 PM,Yogurt,73,g,Like it!
12/12/2019 12:40:09 PM,Fruit smoothies,110,g,Like it!
12/12/2019 9:30:40 AM,Oatmeal,73,g,Like it!
12/12/2019 9:40:57 AM,Fruit smoothies,110,g,Like it!
12/12/2019 8:10:45 AM,Oatmeal,39,g,Like it!
12/12/2019 3:05:16 PM,Oatmeal,73,g,Like it!
12/12/2019 7:57:15 PM,Fruit smoothies,41,g,Like it!
12/12/2019 5:10:32 PM,Yogurt,62,g,Like it!
12/11/2019 5:54:49 PM,Fruit smoothies,32,g,Like it!
12/11/2019 3:05:46 PM,Oatmeal,73,g,Like it!
12/11/2019 3:15:58 PM,Yogurt,2,g,Hate it!
12/11/2019 12:05:33 PM,Oatmeal,73,g,Like it!
12/11/2019 12:25:08 PM,Fruit smoothies,110,g,Like it!
12/11/2019 4:20:04 PM,Nuts,11,g,Love it!
12/11/2019 9:30:19 AM,Oatmeal,73,g,Like it!
12/11/2019 12:40:22 PM,Nuts,5,g,Like it!
12/11/2019 7:54:13 PM,Fruit smoothies,62,g,Love it!
12/11/2019 9:40:06 AM,Fruit smoothies,110,g,Like it!
12/10/2019 7:53:18 PM,"Pears,Mango,Spinach",50,g,Love it!
12/10/2019 5:57:45 PM,"Pears,Mango,Spinach",56,g,Love it!
12/10/2019 9:45:50 AM,Fruit smoothies,110,g,Like it!
12/10/2019 3:05:35 PM,Yogurt,76,g,Like it!
12/10/2019 12:00:12 PM,Oatmeal,73,g,Like it!
12/10/2019 3:15:03 PM,Nuts,2,g,Like it!
12/10/2019 3:30:20 PM,Oatmeal,73,g,Like it!
12/10/2019 12:20:40 PM,Nuts,5,g,Like it!
12/10/2019 5:45:30 PM,Fruit smoothies,23,g,Love it!
12/10/2019 12:30:04 PM,"Beef,Other",59,g,Like it!
12/10/2019 9:30:15 AM,Oatmeal,73,g,Like it!
12/09/2019 7:50:12 PM,Fruit smoothies,29,g,Love it!
12/09/2019 3:05:29 PM,Oatmeal,68,g,Like it!
12/09/2019 10:01:59 AM,Fruit smoothies,109,g,Love it!
12/09/2019 12:40:39 PM,Yogurt,76,g,Like it!
12/09/2019 12:05:11 PM,Oatmeal,68,g,Like it!
12/09/2019 3:30:58 PM,Yogurt,76,g,Like it!
12/09/2019 12:15:26 PM,Fruit smoothies,109,g,Like it!
12/09/2019 8:24:51 AM,Oatmeal,68,g,Like it!
12/09/2019 5:36:17 PM,Fruit smoothies,47,g,Love it!
12/09/2019 12:45:15 PM,Nuts,5,g,Love it!
12/09/2019 3:50:35 PM,Nuts,5,g,Love it!
12/08/2019 9:12:48 AM,Nuts,8,g,Love it!
12/08/2019 9:28:25 AM,Fruit smoothies,73,g,Love it!
12/08/2019 4:08:01 PM,Yogurt,23,g,Like it!
12/08/2019 7:48:59 PM,"Pears,Mango,Spinach",91,g,Love it!
12/08/2019 9:18:45 AM,Oatmeal,82,g,Love it!
12/08/2019 3:59:42 PM,Oatmeal,82,g,Like it!
12/08/2019 5:38:59 PM,Yogurt,56,g,Like it!
12/08/2019 12:20:49 PM,Fruit smoothies,106,g,Love it!
12/08/2019 6:15:30 PM,Nuts,5,g,Love it!
12/07/2019 6:00:10 PM,Nuts,8,g,Love it!
12/07/2019 4:40:25 PM,Yogurt,85,g,Like it!
12/07/2019 7:55:45 PM,"Applesauce,Blueberries,Spinach",65,g,Like it!
12/07/2019 9:03:57 AM,Oatmeal,73,g,Like it!
12/07/2019 12:12:20 PM,Fruit smoothies,149,g,Like it!
12/07/2019 4:52:44 PM,"Oatmeal,Nuts",14,g,Hate it!
12/07/2019 9:45:50 AM,Fruit smoothies,59,g,Like it!
12/07/2019 7:35:27 PM,Yogurt,50,g,Love it!
12/06/2019 9:45:39 AM,Rice cereal,91,g,Love it!
12/06/2019 3:05:45 PM,Oatmeal,85,g,Love it!
12/06/2019 5:55:27 PM,Fruit smoothies,29,g,Like it!
12/06/2019 8:01:33 PM,"Applesauce,Blueberries,Spinach",29,g,Like it!
12/06/2019 12:20:57 PM,Oatmeal,2,g,Hate it!
12/06/2019 8:45:06 AM,Fruit smoothies,5,g,Like it!
12/06/2019 10:12:45 AM,Fruit smoothies,76,g,Love it!
12/06/2019 6:09:05 PM,Yogurt,41,g,Like it!
12/06/2019 3:15:24 PM,Yogurt,59,g,Love it!
12/05/2019 12:15:31 PM,Rice cereal,38,g,Like it!
12/05/2019 2:50:55 PM,Rice cereal,14,g,Hate it!
12/05/2019 5:40:05 PM,Fruit smoothies,73,g,Like it!
12/05/2019 9:30:14 AM,"Other,Rice cereal",76,g,Like it!
12/05/2019 3:00:42 PM,Yogurt,8,g,Hate it!
12/05/2019 7:30:49 PM,Fruit smoothies,14,g,Like it!
12/05/2019 9:40:49 AM,Fruit smoothies,118,g,Love it!
12/05/2019 4:30:11 PM,Fruit smoothies,110,g,Love it!
12/05/2019 12:25:43 PM,Yogurt,2,g,Hate it!
12/04/2019 7:12:54 PM,Fruit smoothies,5,g,Hate it!
12/04/2019 9:30:48 AM,Oatmeal,68,g,Like it!
12/04/2019 12:10:45 PM,"Beef,Other",118,g,Like it!
12/04/2019 9:40:23 AM,"Applesauce,Blueberries,Spinach",103,g,Like it!
12/04/2019 4:45:48 PM,Yogurt,84,g,Like it!
12/04/2019 12:00:02 PM,Oatmeal,68,g,Like it!
12/03/2019 7:54:11 PM,"Oatmeal,Other",11,g,Hate it!
12/03/2019 12:05:09 PM,Oatmeal,5,g,Hate it!
12/03/2019 12:15:46 PM,"Beef,Other",50,g,Like it!
12/03/2019 10:25:44 AM,"Bananas,Blueberries",110,g,Like it!
12/03/2019 8:35:11 AM,Rice cereal,57,g,Like it!
12/03/2019 3:00:18 PM,Oatmeal,85,g,Like it!
12/03/2019 3:10:43 PM,Yogurt,73,g,Like it!
12/02/2019 9:30:06 AM,Oatmeal,85,g,Like it!
12/02/2019 12:30:05 PM,Yogurt,76,g,Like it!
12/02/2019 3:25:29 PM,Yogurt,76,g,Like it!
12/02/2019 5:35:42 PM,"Apricots,Sweet potatoes,Bananas",56,g,Like it!
12/02/2019 3:35:46 PM,Oatmeal,85,g,Like it!
12/02/2019 9:50:44 AM,"Applesauce,Pears,Spinach",118,g,Like it!
12/02/2019 12:15:40 PM,"Beef,Other",118,g,Like it!
12/01/2019 10:05:54 AM,"Apricots,Sweet potatoes,Bananas",2,g,Hate it!
12/01/2019 12:57:48 PM,Applesauce,56,g,Like it!
12/01/2019 4:17:16 PM,Oatmeal,50,g,Like it!
12/01/2019 9:16:00 AM,Yogurt,102,g,Like it!
12/01/2019 12:08:53 PM,"Beef,Other",106,g,Like it!
12/01/2019 4:56:05 PM,Oatmeal,70,g,Like it!
12/01/2019 9:53:23 AM,Rice cereal,17,g,Hate it!
11/30/2019 8:50:30 AM,Yogurt,88,g,Like it!
11/30/2019 6:29:11 PM,Rice cereal,68,g,Like it!
11/30/2019 3:50:13 PM,"Beef,Other",103,g,Like it!
11/30/2019 10:50:08 AM,Yogurt,66,g,Like it!
11/30/2019 12:51:44 PM,"Pears,Peaches,Strawberries",50,g,Like it!
11/30/2019 4:04:00 PM,"Pears,Peaches,Strawberries",44,g,Like it!
11/30/2019 7:56:34 PM,"Applesauce,Blueberries,Spinach",91,g,Like it!
11/29/2019 4:13:44 PM,Oatmeal,82,g,Like it!
11/29/2019 6:34:08 PM,"Apricots,Sweet potatoes,Bananas",97,g,Love it!
11/29/2019 8:54:19 AM,"Beef,Other",8,g,Love it!
11/29/2019 8:58:01 AM,Yogurt,90,g,Love it!
11/29/2019 11:19:19 AM,"Beef,Other",103,g,Like it!
11/29/2019 4:02:31 PM,Yogurt,34,g,Like it!
11/28/2019 7:50:20 PM,"Applesauce,Carrots,Mango",88,g,Love it!
11/28/2019 3:47:39 PM,Oatmeal,11,g,Hate it!
11/28/2019 10:54:30 AM,"Beef,Other",100,g,Like it!
11/28/2019 3:53:19 PM,Yogurt,65,g,Like it!
11/28/2019 8:17:03 AM,Yogurt,50,g,Like it!
11/28/2019 9:52:27 AM,"Pears,Mango,Spinach",26,g,Like it!
11/27/2019 9:40:52 AM,"Bananas,Oatmeal,Other",88,g,Like it!
11/27/2019 8:11:21 AM,Rice cereal,29,g,Love it!
11/27/2019 9:35:14 AM,Rice cereal,68,g,Like it!
11/27/2019 3:05:14 PM,Oatmeal,68,g,Like it!
11/27/2019 6:30:55 PM,"Bananas,Oatmeal",103,g,Like it!
11/27/2019 12:00:46 PM,Oatmeal,68,g,Like it!
11/27/2019 12:10:08 PM,"Beef,Other",118,g,Like it!
11/27/2019 3:30:11 PM,Yogurt,8,g,Like it!
11/26/2019 6:07:33 PM,Yogurt,73,g,Like it!
11/26/2019 9:45:54 AM,"Beef,Other",118,g,Like it!
11/26/2019 3:30:33 PM,Rice cereal,81,g,Like it!
11/26/2019 3:20:01 PM,Yogurt,65,g,Like it!
11/26/2019 12:05:21 PM,Rice cereal,81,g,Like it!
11/26/2019 9:30:24 AM,Rice cereal,81,g,Like it!
11/26/2019 3:35:33 PM,Applesauce,59,g,Like it!
11/26/2019 12:15:38 PM,"Applesauce,Carrots,Mango",103,g,Like it!
11/25/2019 5:55:55 PM,"Peas,Broccoli,Pears",32,g,Like it!
11/25/2019 12:10:49 PM,"Applesauce,Carrots,Mango",103,g,Like it!
11/25/2019 9:45:06 AM,"Beef,Other",118,g,Like it!
11/25/2019 9:35:29 AM,Oatmeal,62,g,Like it!
11/25/2019 3:25:37 PM,Oatmeal,62,g,Like it!
11/25/2019 12:00:34 PM,Oatmeal,62,g,Like it!
11/25/2019 3:15:24 PM,Yogurt,118,g,Like it!
11/24/2019 9:58:50 AM,Oatmeal,50,g,Like it!
11/24/2019 3:45:05 PM,Yogurt,93,g,Like it!
11/24/2019 5:30:47 PM,Rice cereal,44,g,Hate it!
11/24/2019 10:30:35 AM,"Pears,Peas,Broccoli",110,g,Like it!
11/24/2019 5:20:43 PM,Yogurt,29,g,
11/24/2019 7:24:34 PM,"Pears,Peaches,Strawberries",17,g,Like it!
11/24/2019 6:26:18 PM,"Pears,Peaches,Strawberries",70,g,Like it!
11/24/2019 11:24:12 AM,Applesauce,94,g,Like it!
11/23/2019 3:50:26 PM,Yogurt,51,g,Love it!
11/23/2019 9:05:34 AM,"Pears,Mango,Spinach",110,g,Love it!
11/23/2019 9:59:22 AM,Oatmeal,8,g,Hate it!
11/23/2019 11:40:19 AM,Oatmeal,14,g,Hate it!
11/23/2019 8:01:07 PM,"Bananas,Blueberries,Other",109,g,Love it!
11/23/2019 11:50:04 AM,Applesauce,90,g,Love it!
11/23/2019 5:57:33 PM,Yogurt,45,g,Love it!
11/22/2019 11:41:21 AM,Oatmeal,76,g,Like it!
11/22/2019 9:23:42 AM,Oatmeal,35,g,Like it!
11/22/2019 6:20:12 PM,"Pears,Broccoli,Spinach",110,g,Like it!
11/22/2019 4:10:58 PM,Yogurt,2,g,Love it!
11/22/2019 10:05:10 AM,"Bananas,Blueberries,Other",106,g,Love it!
11/21/2019 3:25:28 PM,Yogurt,73,g,Like it!
11/21/2019 12:10:10 PM,Oatmeal,62,g,Like it!
11/21/2019 12:15:27 PM,"Chicken,Other",118,g,Like it!
11/21/2019 9:40:15 AM,Oatmeal,62,g,Like it!
11/21/2019 3:10:13 PM,Oatmeal,29,g,Like it!
11/21/2019 9:50:32 AM,"Carrots,Mango,Applesauce",103,g,Like it!
11/20/2019 12:30:31 PM,"Chicken,Other",118,g,Like it!
11/20/2019 4:10:55 PM,Oatmeal,29,g,Like it!
11/20/2019 3:20:09 PM,Yogurt,73,g,Like it!
11/20/2019 9:40:33 AM,Oatmeal,62,g,Like it!
11/20/2019 9:45:49 AM,"Applesauce,Carrots,Mango",103,g,Like it!
11/20/2019 6:18:20 PM,"Applesauce,Carrots,Mango",17,g,Love it!
11/20/2019 12:15:17 PM,Oatmeal,62,g,Like it!
11/20/2019 6:26:05 PM,Applesauce,31,g,Like it!
11/19/2019 9:40:47 AM,"Applesauce,Carrots,Mango",103,g,Like it!
11/19/2019 3:30:37 PM,Yogurt,73,g,Like it!
11/19/2019 12:10:19 PM,Oatmeal,62,g,Like it!
11/19/2019 4:40:43 PM,"Applesauce,Carrots,Mango",68,g,Like it!
11/19/2019 12:25:34 PM,"Turkey,Other",118,g,Like it!
11/19/2019 9:30:12 AM,Oatmeal,62,g,Like it!
11/19/2019 8:27:32 AM,"Carrots,Applesauce,Mango",79,g,Like it!
11/19/2019 3:15:25 PM,Oatmeal,62,g,Like it!
11/18/2019 8:25:13 AM,Applesauce,29,g,Like it!
11/18/2019 12:05:23 PM,"Chicken,Other",118,g,Like it!
11/18/2019 12:20:55 PM,Oatmeal,124,g,Like it!
11/18/2019 3:35:17 PM,"Applesauce,Carrots,Mango",20,g,Like it!
11/18/2019 3:20:47 PM,Oatmeal,2,g,Hate it!
11/18/2019 3:30:04 PM,Yogurt,73,g,Like it!
11/18/2019 8:15:58 AM,Yogurt,88,g,Like it!
11/18/2019 5:10:51 PM,Oatmeal,44,g,Like it!
11/18/2019 7:32:55 PM,Oatmeal,48,g,Like it!
11/17/2019 9:19:15 AM,"Applesauce,Carrots,Mango",50,g,Like it!
11/17/2019 11:21:45 AM,"Applesauce,Spinach",85,g,Like it!
11/17/2019 2:57:45 PM,Yogurt,8,g,Hate it!
11/17/2019 12:55:49 PM,Oatmeal,2,g,Hate it!
11/17/2019 7:14:16 PM,Yogurt,76,g,Like it!
11/17/2019 7:42:40 PM,"Peaches,Pears,Strawberries",35,g,Like it!
11/17/2019 6:10:43 PM,Oatmeal,8,g,Hate it!
11/17/2019 11:14:27 AM,Oatmeal,29,g,Like it!
11/17/2019 6:22:40 PM,"Peaches,Pears,Strawberries",56,g,Hate it!
11/16/2019 3:50:28 PM,"Applesauce,Carrots,Mango",23,g,Like it!
11/16/2019 9:49:58 AM,Oatmeal,72,g,Like it!
11/16/2019 12:20:28 PM,Yogurt,112,g,Love it!
11/16/2019 8:49:42 AM,Oatmeal,65,g,Love it!
11/16/2019 1:01:50 PM,Oatmeal,70,g,Like it!
11/16/2019 6:28:27 PM,Oatmeal,20,g,Hate it!
11/16/2019 3:43:22 PM,Yogurt,8,g,Hate it!
11/15/2019 12:05:15 PM,"Applesauce,Blueberries,Spinach",94,g,Love it!
11/15/2019 5:10:40 PM,Yogurt,41,g,Like it!
11/15/2019 5:24:55 PM,Oatmeal,5,g,Hate it!
11/15/2019 10:17:50 AM,"Pears,Peaches,Strawberries",69,g,Like it!
11/15/2019 9:55:06 AM,"Chicken,Other",53,g,Like it!
11/15/2019 12:54:47 PM,Oatmeal,91,g,Like it!
11/15/2019 4:23:19 PM,Oatmeal,32,g,Like it!
11/15/2019 3:55:35 PM,"Chicken,Other",2,g,Hate it!
11/15/2019 8:52:17 AM,Oatmeal,59,g,Love it!
11/14/2019 5:31:52 PM,"Applesauce,Blueberries,Spinach",94,g,Love it!
11/14/2019 9:30:19 AM,Oatmeal,62,g,Like it!
11/14/2019 12:35:17 PM,"Chicken,Other",118,g,Like it!
11/14/2019 7:30:00 PM,Oatmeal,20,g,Like it!
11/14/2019 8:35:10 AM,Oatmeal,65,g,Like it!
11/14/2019 9:40:47 AM,"Pears,Peaches,Strawberries",103,g,Like it!
11/14/2019 3:05:46 PM,Yogurt,73,g,Like it!
11/14/2019 3:15:13 PM,Oatmeal,62,g,Like it!
11/14/2019 12:05:36 PM,Oatmeal,62,g,Like it!
11/13/2019 6:10:50 PM,"Applesauce,Blueberries,Spinach",96,g,Love it!
11/13/2019 9:30:28 AM,Oatmeal,62,g,Like it!
11/13/2019 12:25:28 PM,"Chicken,Other",118,g,Like it!
11/13/2019 3:05:52 PM,Oatmeal,62,g,Like it!
11/13/2019 9:50:55 AM,"Peaches,Pears,Strawberries",103,g,Like it!
11/13/2019 8:17:38 AM,Oatmeal,60,g,Like it!
11/13/2019 3:15:04 PM,Yogurt,156,g,Like it!
11/13/2019 12:05:32 PM,Oatmeal,62,g,Like it!
11/12/2019 5:58:05 PM,Yogurt,47,g,Like it!
11/12/2019 8:48:47 AM,Oatmeal,38,g,Love it!
11/12/2019 12:30:03 PM,Oatmeal,50,g,Like it!
11/12/2019 5:00:12 PM,Yogurt,38,g,Like it!
11/12/2019 9:00:01 AM,"Chicken,Other",65,g,Like it!
11/12/2019 9:25:42 AM,"Pears,Peaches,Strawberries",94,g,Love it!
11/12/2019 12:34:45 PM,"Chicken,Other",47,g,Like it!
11/12/2019 3:45:27 PM,Yogurt,56,g,Like it!
11/12/2019 12:44:59 PM,Oatmeal,34,g,Like it!
11/11/2019 3:15:31 PM,Oatmeal,62,g,Like it!
11/11/2019 3:20:42 PM,Yogurt,156,g,Like it!
11/11/2019 9:40:55 AM,"Applesauce,Mango,Carrots",73,g,Like it!
11/11/2019 8:35:41 AM,"Applesauce,Spinach,Blueberries",44,g,Like it!
11/11/2019 12:05:34 PM,Oatmeal,62,g,Like it!
11/11/2019 12:10:58 PM,"Chicken,Other",118,g,Like it!
11/11/2019 7:27:14 PM,Oatmeal,20,g,Love it!
11/11/2019 9:30:34 AM,Oatmeal,62,g,Like it!
11/11/2019 4:48:04 PM,"Applesauce,Spinach,Blueberries",88,g,Like it!
11/10/2019 4:18:22 PM,Yogurt,70,g,Like it!
11/10/2019 9:42:09 AM,"Applesauce,Blueberries,Spinach",94,g,Like it!
11/10/2019 4:04:13 PM,"Chicken,Other",44,g,Hate it!
11/10/2019 7:52:04 PM,"Applesauce,Blueberries,Spinach",38,g,Like it!
11/10/2019 8:47:21 AM,Rice cereal,88,g,Love it!
11/10/2019 12:42:29 PM,Oatmeal,25,g,Like it!
11/10/2019 9:49:10 AM,"Chicken,Other",2,g,Hate it!
11/10/2019 12:34:17 PM,Rice cereal,53,g,Like it!
11/10/2019 7:48:13 PM,Oatmeal,62,g,Like it!
11/10/2019 5:20:25 PM,Oatmeal,38,g,Like it!
11/09/2019 10:28:55 AM,Oatmeal,38,g,Hate it!
11/09/2019 5:59:32 PM,"Applesauce,Carrots,Mango,Avocados",14,g,Hate it!
11/09/2019 5:24:57 PM,Oatmeal,44,g,Hate it!
11/09/2019 9:32:34 AM,"Applesauce,Carrots,Mango,Avocados",59,g,Hate it!
11/09/2019 10:02:46 AM,Oatmeal,5,g,Hate it!
11/09/2019 12:35:52 PM,Oatmeal,156,g,Like it!
11/09/2019 11:14:41 AM,Yogurt,50,g,Like it!
11/09/2019 8:23:55 AM,Yogurt,41,g,Like it!
11/08/2019 8:12:35 AM,Rice cereal,35,g,Like it!
11/08/2019 11:12:50 AM,Yogurt,50,g,Like it!
11/08/2019 7:58:28 PM,Oatmeal,14,g,Hate it!
11/08/2019 3:57:30 PM,Yogurt,23,g,Like it!
11/08/2019 9:53:54 AM,"Applesauce,Kale,Avocados",17,g,Hate it!
11/08/2019 5:49:55 PM,"Chicken,Other",103,g,Like it!
11/08/2019 7:00:56 PM,Oatmeal,14,g,Hate it!
11/08/2019 10:34:40 AM,"Applesauce,Kale,Avocados",76,g,Like it!
11/08/2019 12:55:36 PM,Oatmeal,50,g,Like it!
11/07/2019 3:30:51 PM,Yogurt,73,g,Like it!
11/07/2019 7:28:11 PM,Rice cereal,47,g,Love it!
11/07/2019 12:10:43 PM,Oatmeal,62,g,Like it!
11/07/2019 8:00:51 AM,Rice cereal,56,g,Like it!
11/07/2019 12:50:56 PM,"Chicken,Other",118,g,Like it!
11/07/2019 9:40:46 AM,Oatmeal,62,g,Like it!
11/07/2019 3:10:35 PM,Oatmeal,62,g,Like it!
11/07/2019 9:45:01 AM,"Applesauce,Kale,Spinach",103,g,Like it!
11/06/2019 12:05:51 PM,Oatmeal,62,g,Like it!
11/06/2019 3:10:34 PM,Yogurt,156,g,Like it!
11/06/2019 9:30:54 AM,Oatmeal,62,g,Like it!
11/06/2019 7:35:02 PM,Rice cereal,35,g,Like it!
11/06/2019 12:30:30 PM,"Chicken,Other",118,g,Like it!
11/06/2019 9:42:28 AM,"Applesauce,Carrots,Mango",50,g,Like it!
11/06/2019 6:18:54 PM,"Applesauce,Kale,Avocados",59,g,Like it!
11/06/2019 4:55:28 PM,Rice cereal,29,g,Like it!
11/06/2019 3:00:50 PM,Oatmeal,62,g,Like it!
11/05/2019 8:10:13 AM,Rice cereal,29,g,Like it!
11/05/2019 12:15:51 PM,"Chicken,Other",118,g,Like it!
11/05/2019 9:30:34 AM,Oatmeal,62,g,Like it!
11/05/2019 5:48:36 PM,"Applesauce,Kale,Avocados",14,g,Like it!
11/05/2019 7:28:59 PM,Rice cereal,17,g,Like it!
11/05/2019 3:05:04 PM,Oatmeal,29,g,Like it!
11/05/2019 9:50:09 AM,"Applesauce,Carrots,Mango",103,g,Like it!
11/05/2019 5:40:56 PM,Rice cereal,51,g,Love it!
11/05/2019 3:15:19 PM,Yogurt,73,g,Like it!
11/05/2019 12:05:34 PM,Oatmeal,62,g,Like it!
11/04/2019 12:15:50 PM,"Chicken,Other",88,g,Like it!
11/04/2019 12:05:33 PM,Oatmeal,62,g,Like it!
11/04/2019 9:40:41 AM,"Applesauce,Mango,Carrots",103,g,Like it!
11/04/2019 9:30:24 AM,Oatmeal,62,g,Like it!
11/04/2019 3:15:31 PM,Yogurt,73,g,Like it!
11/04/2019 3:10:19 PM,Oatmeal,62,g,Like it!
11/03/2019 8:49:31 AM,"Applesauce,Blueberries,Spinach",96,g,Love it!
11/03/2019 4:02:10 PM,Oatmeal,35,g,Like it!
11/03/2019 5:06:28 PM,Oatmeal,14,g,Hate it!
11/03/2019 8:59:13 AM,"Turkey,Other",29,g,Hate it!
11/03/2019 3:05:41 PM,"Bananas,Oatmeal,Other",62,g,Like it!
11/03/2019 10:03:21 AM,Oatmeal,88,g,Like it!
11/02/2019 9:55:43 AM,"Oatmeal,Bananas,Other",110,g,Like it!
11/02/2019 12:49:50 PM,Oatmeal,23,g,Like it!
11/02/2019 5:08:44 PM,Yogurt,112,g,Like it!
11/02/2019 3:55:09 PM,"Other,Turkey",2,g,Hate it!
11/02/2019 4:15:26 PM,Oatmeal,11,g,Hate it!
11/02/2019 11:17:41 AM,Oatmeal,32,g,Like it!
11/02/2019 7:15:45 PM,Oatmeal,23,g,Like it!
11/01/2019 3:45:19 PM,Yogurt,103,g,Like it!
11/01/2019 10:10:01 AM,Oatmeal,56,g,Hate it!
11/01/2019 3:36:54 PM,"Chicken,Other",38,g,Like it!
11/01/2019 10:50:05 AM,"Chicken,Other",2,g,Hate it!
11/01/2019 5:00:25 PM,Oatmeal,73,g,Like it!
11/01/2019 12:10:37 PM,Chicken,53,g,Hate it!
11/01/2019 8:45:44 AM,"Bananas,Other,Oatmeal",65,g,Like it!
10/31/2019 9:35:02 AM,"Pears,Peaches,Strawberries",103,g,Like it!
10/31/2019 3:15:03 PM,Yogurt,156,g,Like it!
10/31/2019 12:05:44 PM,Oatmeal,62,g,Like it!
10/31/2019 7:29:24 PM,"Oatmeal,Bananas,Other",38,g,Like it!
10/31/2019 12:10:05 PM,"Beef,Other",59,g,Like it!
10/31/2019 7:23:23 PM,Oatmeal,25,g,Love it!
10/31/2019 3:00:35 PM,Oatmeal,62,g,Like it!
10/31/2019 9:30:47 AM,Oatmeal,62,g,Like it!
10/30/2019 12:40:24 PM,Oatmeal,62,g,Like it!
10/30/2019 9:30:43 AM,"Applesauce,Blueberries,Spinach",103,g,Like it!
10/30/2019 3:20:02 PM,Yogurt,156,g,Like it!
10/30/2019 3:00:42 PM,Oatmeal,62,g,Like it!
10/30/2019 5:51:03 PM,"Applesauce,Kale,Avocados",14,g,Love it!
10/30/2019 6:32:01 PM,"Applesauce,Kale,Avocados",68,g,Like it!
10/30/2019 9:50:22 AM,Oatmeal,62,g,Like it!
10/30/2019 12:10:51 PM,"Chicken,Other",118,g,Like it!
10/29/2019 6:41:42 PM,"Kale,Avocados,Applesauce",88,g,Like it!
10/29/2019 8:50:50 AM,Oatmeal,29,g,Like it!
10/29/2019 12:15:51 PM,"Chicken,Other",118,g,Like it!
10/29/2019 9:30:28 AM,Oatmeal,29,g,Like it!
10/29/2019 9:40:50 AM,"Applesauce,Mango,Carrots",103,g,Like it!
10/29/2019 3:05:28 PM,Yogurt,153,g,Like it!
10/29/2019 3:10:02 PM,Oatmeal,62,g,Like it!
10/29/2019 12:00:33 PM,Oatmeal,62,g,Like it!
10/28/2019 3:15:08 PM,Yogurt,73,g,Like it!
10/28/2019 12:40:38 PM,"Pears,Peaches,Strawberries",103,g,Like it!
10/28/2019 6:56:07 PM,"Other,Bananas,Oatmeal",14,g,Love it!
10/28/2019 9:30:27 AM,Oatmeal,62,g,Like it!
10/28/2019 3:25:55 PM,"Chicken,Other",118,g,Like it!
10/28/2019 12:15:02 PM,Oatmeal,124,g,Like it!
10/27/2019 12:13:53 PM,Yogurt,29,g,Like it!
10/27/2019 6:30:56 PM,Oatmeal,38,g,Like it!
10/27/2019 4:21:38 PM,"Chicken,Other",14,g,Hate it!
10/27/2019 12:00:26 PM,"Chicken,Other",20,g,Hate it!
10/27/2019 3:52:59 PM,Oatmeal,29,g,Hate it!
10/27/2019 6:34:46 PM,Rice cereal,50,g,Like it!
10/27/2019 7:51:45 PM,Oatmeal,88,g,Like it!
10/27/2019 9:35:25 AM,Oatmeal,44,g,Hate it!
10/27/2019 4:07:36 PM,"Pears,Strawberries,Peaches",94,g,Like it!
10/26/2019 6:10:41 PM,"Bananas,Blueberries,Oatmeal",59,g,Like it!
10/26/2019 5:20:51 PM,Oatmeal,32,g,Like it!
10/26/2019 7:50:18 PM,Oatmeal,50,g,Like it!
10/26/2019 12:05:39 PM,Yogurt,73,g,Like it!
10/26/2019 9:00:16 AM,"Bananas,Oatmeal,Other",44,g,Like it!
10/26/2019 3:55:01 PM,"Chicken,Other",8,g,Hate it!
10/25/2019 6:10:52 PM,"Chicken,Other",94,g,Like it!
10/25/2019 12:15:24 PM,Oatmeal,82,g,Like it!
10/25/2019 3:50:21 PM,Yogurt,103,g,Hate it!
10/25/2019 11:00:19 AM,"Kale,Avocados,Applesauce",44,g,Like it!
10/25/2019 9:55:05 AM,Oatmeal,57,g,Love it!
10/25/2019 10:05:22 AM,"Kale,Avocados,Applesauce",70,g,Like it!
10/24/2019 3:00:46 PM,Oatmeal,62,g,Like it!
10/24/2019 6:10:05 PM,Oatmeal,32,g,Hate it!
10/24/2019 3:10:05 PM,Yogurt,156,g,Like it!
10/24/2019 12:15:22 PM,"Beef,Other",118,g,Like it!
10/24/2019 12:30:55 PM,Oatmeal,62,g,Like it!
10/24/2019 10:00:24 AM,"Pears,Peaches,Strawberries",103,g,Like it!
10/23/2019 3:25:19 PM,Yogurt,118,g,Like it!
10/23/2019 6:02:32 PM,Oatmeal,62,g,Like it!
10/23/2019 9:45:36 AM,"Pears,Peaches,Strawberries",103,g,Like it!
10/23/2019 12:15:23 PM,Oatmeal,59,g,Like it!
10/23/2019 3:15:02 PM,Oatmeal,59,g,Like it!
10/22/2019 3:10:40 PM,Yogurt,73,g,Like it!
10/22/2019 8:45:45 AM,Oatmeal,29,g,Like it!
10/22/2019 12:00:34 PM,"Beef,Other",118,g,Like it!
10/22/2019 12:25:08 PM,Yogurt,73,g,Like it!
10/22/2019 3:05:03 PM,Oatmeal,59,g,Like it!
10/22/2019 12:10:23 PM,Oatmeal,59,g,Like it!
10/22/2019 9:30:54 AM,"Pears,Peaches,Strawberries",103,g,Like it!
10/22/2019 5:55:08 PM,"Applesauce,Other",59,g,Like it!
10/21/2019 5:35:58 PM,Oatmeal,53,g,Like it!
10/21/2019 9:30:51 AM,"Applesauce,Carrots,Mango",73,g,Like it!
10/21/2019 3:15:51 PM,Yogurt,59,g,Hate it!
10/21/2019 8:28:07 AM,Oatmeal,35,g,Like it!
10/21/2019 12:00:53 PM,"Beef,Other",118,g,Like it!
10/21/2019 12:40:18 PM,Oatmeal,73,g,Like it!
10/21/2019 6:10:40 PM,"Applesauce,Kale,Avocados",44,g,Like it!
10/20/2019 11:52:49 AM,"Bananas,Oatmeal,Other",73,g,Like it!
10/20/2019 3:50:45 PM,"Applesauce,Other,Oatmeal",44,g,Hate it!
10/20/2019 9:30:57 AM,Yogurt,8,g,Hate it!
10/20/2019 9:02:26 AM,Oatmeal,14,g,Hate it!
10/20/2019 11:35:34 AM,Oatmeal,23,g,Hate it!
10/19/2019 3:38:35 PM,Yogurt,35,g,Hate it!
10/19/2019 5:37:19 PM,Oatmeal,103,g,Love it!
10/19/2019 10:32:08 AM,"Applesauce,Other",35,g,Like it!
10/19/2019 6:45:24 PM,"Applesauce,Carrots,Mango",94,g,Like it!
10/18/2019 4:10:13 PM,Yogurt,23,g,Like it!
10/18/2019 9:48:43 AM,"Applesauce,Kale,Avocados",81,g,Like it!
10/18/2019 8:34:44 AM,Oatmeal,26,g,Like it!
10/18/2019 3:55:30 PM,Oatmeal,44,g,Like it!
10/18/2019 6:35:24 PM,"Applesauce,Kale,Avocados",29,g,Like it!
10/18/2019 12:32:39 PM,Oatmeal,100,g,Like it!
10/18/2019 9:43:47 AM,Oatmeal,29,g,Like it!
10/18/2019 6:45:24 PM,Oatmeal,35,g,Like it!
10/17/2019 12:45:05 PM,Oatmeal,159,g,Like it!
10/17/2019 7:10:03 PM,"Bananas,Other,Oatmeal",110,g,Love it!
10/17/2019 12:55:38 PM,"Chicken,Other",118,g,Like it!
10/17/2019 9:45:24 AM,"Applesauce,Carrots,Mango",103,g,Like it!
10/17/2019 3:30:12 PM,Yogurt,156,g,Like it!
10/16/2019 12:30:40 PM,Oatmeal,103,g,Like it!
10/16/2019 8:03:21 AM,Oatmeal,35,g,Like it!
10/16/2019 12:55:15 PM,"Chicken,Other",118,g,Like it!
10/16/2019 3:30:37 PM,Yogurt,147,g,Like it!
10/16/2019 9:30:40 AM,"Applesauce,Carrots,Mango",103,g,Like it!
10/16/2019 6:24:31 PM,"Applesauce,Blueberries,Spinach",88,g,Love it!
10/15/2019 12:45:47 PM,"Chicken,Other",118,g,Like it!
10/15/2019 3:30:22 PM,Yogurt,156,g,Like it!
10/15/2019 9:45:01 AM,"Applesauce,Carrots,Mango",103,g,Like it!
10/15/2019 5:53:12 PM,Oatmeal,118,g,Love it!
10/15/2019 5:58:19 PM,"Applesauce,Blueberries,Spinach",94,g,Love it!
10/15/2019 8:12:11 AM,Oatmeal,11,g,Hate it!
10/14/2019 5:00:44 PM,"Applesauce,Blueberries,Spinach",94,g,Love it!
10/14/2019 3:30:03 PM,"Other,Beef",118,g,Like it!
10/14/2019 9:45:53 AM,"Applesauce,Carrots,Mango",103,g,Like it!
10/14/2019 6:04:24 PM,"Chicken,Other",97,g,Love it!
10/14/2019 12:45:41 PM,Oatmeal,159,g,Like it!
10/14/2019 5:25:25 PM,Bananas,2,g,Hate it!
10/13/2019 4:10:34 PM,Chicken,53,g,Hate it!
10/13/2019 12:39:36 PM,"Bananas,Blueberries,Green beans",62,g,Like it!
10/13/2019 4:01:40 PM,"Bananas,Blueberries",50,g,Hate it!
10/13/2019 9:10:17 AM,"Carrots,Applesauce,Mango",88,g,Like it!
10/13/2019 9:44:05 AM,Oatmeal,8,g,Hate it!
10/13/2019 5:45:55 PM,Yogurt,59,g,Like it!
10/12/2019 12:53:48 PM,Oatmeal,73,g,Like it!
10/12/2019 6:04:02 PM,Yogurt,147,g,Love it!
10/12/2019 11:56:25 AM,"Pears,Strawberries,Guava",35,g,Love it!
10/12/2019 4:20:16 PM,Oatmeal,85,g,Like it!
10/12/2019 10:00:40 AM,"Pears,Strawberries,Guava",73,g,Love it!
10/12/2019 12:01:57 PM,"Chicken,Other",103,g,Like it!
10/11/2019 3:51:01 PM,Chicken,41,g,Like it!
10/11/2019 8:36:23 AM,Oatmeal,36,g,Like it!
10/11/2019 9:05:20 AM,"Applesauce,Blueberries,Spinach",88,g,Like it!
10/11/2019 10:28:01 AM,Oatmeal,97,g,Like it!
10/11/2019 6:18:42 PM,Yogurt,59,g,Like it!
10/11/2019 3:58:35 PM,Yogurt,91,g,Like it!
10/11/2019 12:49:29 PM,Chicken,65,g,Like it!
10/10/2019 12:55:49 PM,"Applesauce,Blueberries,Spinach",103,g,Like it!
10/10/2019 3:30:58 PM,Yogurt,156,g,Like it!
10/10/2019 9:55:48 AM,"Applesauce,Carrots,Mango",103,g,Like it!
10/10/2019 8:01:03 AM,Oatmeal,29,g,Like it!
10/10/2019 6:58:07 PM,"Pears,Peaches,Strawberries",96,g,Love it!
10/10/2019 5:10:01 PM,Oatmeal,76,g,Love it!
10/10/2019 6:50:01 PM,Oatmeal,53,g,Love it!
10/09/2019 11:35:36 AM,Oatmeal,78,g,Love it!
10/09/2019 5:47:09 PM,Yogurt,153,g,Love it!
10/09/2019 9:40:12 AM,"Applesauce,Mango,Carrots",94,g,Love it!
10/09/2019 11:57:18 AM,Oatmeal,78,g,Love it!
10/08/2019 5:10:28 PM,"Applesauce,Carrots,Mango",78,g,Love it!
10/08/2019 4:55:27 PM,Oatmeal,65,g,Love it!
10/08/2019 8:35:30 AM,"Applesauce,Carrots,Mango",14,g,Love it!
10/08/2019 12:45:28 PM,"Applesauce,Carrots,Spinach",103,g,Like it!
10/08/2019 3:30:00 PM,Yogurt,156,g,Like it!
10/08/2019 10:00:34 AM,"Applesauce,Carrots,Mango",103,g,Like it!
10/07/2019 3:30:29 PM,Yogurt,118,g,Like it!
10/07/2019 5:45:36 PM,"Applesauce,Carrots,Mango",88,g,Like it!
10/07/2019 5:40:57 PM,Oatmeal,29,g,Like it!
10/07/2019 9:45:30 AM,"Applesauce,Carrots,Spinach",103,g,Like it!
10/07/2019 6:56:58 PM,Oatmeal,20,g,Like it!
10/07/2019 12:45:08 PM,"Applesauce,Carrots,Mango",103,g,Like it!
10/06/2019 8:20:14 AM,Oatmeal,29,g,Like it!
10/06/2019 12:01:50 PM,Yogurt,47,g,Like it!
10/06/2019 9:45:59 AM,"Applesauce,Other,Strawberries,Spinach",94,g,Love it!
10/06/2019 11:35:19 AM,Yogurt,56,g,Like it!
10/06/2019 4:40:45 PM,Oatmeal,29,g,Like it!
10/06/2019 4:58:49 PM,"Applesauce,Carrots,Blueberries,Yogurt",85,g,Like it!
10/06/2019 4:00:58 PM,Yogurt,23,g,Hate it!
10/06/2019 7:19:46 PM,"Applesauce,Carrots,Spinach",2,g,Hate it!
10/05/2019 3:32:30 PM,"Carrots,Applesauce,Mango",94,g,Love it!
10/05/2019 3:26:58 PM,"Oatmeal,Other",4,g,Hate it!
10/05/2019 11:42:49 AM,Yogurt,150,g,Love it!
10/05/2019 6:40:13 PM,Oatmeal,17,g,Like it!
10/05/2019 8:35:43 AM,"Beef,Pork",14,g,Hate it!
10/05/2019 7:30:40 PM,"Applesauce,Other,Strawberries,Spinach",88,g,Love it!
10/05/2019 8:43:57 AM,"Applesauce,Carrots,Blueberries",94,g,Like it!
10/04/2019 4:22:45 PM,"Beef,Pork",13,g,Hate it!
10/04/2019 11:47:18 AM,"Applesauce,Carrots,Blueberries",113,g,Love it!
10/04/2019 8:20:48 AM,"Pears,Peaches,Strawberries",73,g,Like it!
10/04/2019 11:33:08 AM,"Beef,Pork",14,g,Like it!
10/04/2019 11:29:22 AM,"Pears,Peaches,Strawberries",23,g,Love it!
10/04/2019 10:46:03 AM,Oatmeal,11,g,Hate it!
10/04/2019 5:20:04 PM,Yogurt,133,g,Love it!
10/04/2019 6:27:11 PM,"Beef,Pork",29,g,Like it!
10/03/2019 6:26:50 PM,"Beef,Pork",34,g,Like it!
10/03/2019 4:53:10 PM,"Carrots,Applesauce,Blueberries",115,g,Love it!
10/03/2019 9:45:28 AM,"Applesauce,Blueberries,Spinach",103,g,Like it!
10/03/2019 12:45:22 PM,"Applesauce,Mango,Carrots,Kale",103,g,Like it!
10/03/2019 4:49:53 PM,Rice cereal,35,g,Love it!
10/03/2019 7:01:39 PM,Oatmeal,59,g,Like it!
10/03/2019 8:04:32 AM,Rice cereal,73,g,Like it!
10/02/2019 9:26:15 AM,"Applesauce,Spinach,Blueberries",94,g,Love it!
10/02/2019 6:03:10 PM,Rice cereal,59,g,Like it!
10/02/2019 1:00:25 PM,"Applesauce,Carrots,Mango",103,g,Love it!
10/02/2019 9:55:59 AM,Oatmeal,23,g,Like it!
10/02/2019 12:20:32 PM,Oatmeal,53,g,Like it!
10/02/2019 5:30:44 PM,Oatmeal,68,g,Like it!
10/02/2019 7:29:13 PM,Oatmeal,70,g,Like it!
10/01/2019 3:30:18 PM,"Beef,Other",118,g,Like it!
10/01/2019 9:45:19 AM,"Applesauce,Carrots,Spinach",103,g,Like it!
10/01/2019 12:30:34 PM,Oatmeal,88,g,Like it!
09/30/2019 12:45:15 PM,"Apricots,Chicken",118,g,Like it!
09/30/2019 5:13:53 PM,Oatmeal,73,g,Love it!
09/30/2019 4:35:23 PM,Oatmeal,147,g,Love it!
09/30/2019 5:24:18 PM,"Applesauce,Carrots,Spinach",94,g,Love it!
09/30/2019 9:45:36 AM,"Pears,Peaches,Strawberries",103,g,Like it!
09/29/2019 3:33:24 PM,"Pears,Carrots,Blueberries",44,g,Like it!
09/29/2019 6:04:21 PM,Oatmeal,59,g,Love it!
09/29/2019 12:29:16 PM,"Pears,Carrots,Blueberries",88,g,Like it!
09/29/2019 8:55:25 AM,Oatmeal,76,g,Like it!
09/29/2019 5:14:57 PM,Oatmeal,34,g,Like it!
09/29/2019 10:58:46 AM,"Applesauce,Carrots,Mango",94,g,Love it!
09/28/2019 12:28:54 PM,"Applesauce,Carrots,Blueberries,Yogurt",51,g,Love it!
09/28/2019 8:55:42 AM,"Applesauce,Carrots,Mango,Kale",23,g,Like it!
09/28/2019 5:52:39 PM,"Applesauce,Carrots,Blueberries,Yogurt",17,g,Like it!
09/28/2019 6:38:09 PM,Oatmeal,59,g,Love it!
09/28/2019 3:50:50 PM,"Applesauce,Carrots,Blueberries,Yogurt",32,g,Like it!
09/28/2019 10:37:07 AM,"Applesauce,Carrots,Mango,Kale",29,g,Like it!
09/28/2019 12:15:02 PM,"Applesauce,Carrots,Mango,Kale,Peas",44,g,Like it!
09/27/2019 10:25:36 AM,"Mango,Applesauce,Carrots,Kale",97,g,Love it!
09/27/2019 5:50:25 PM,"Pears,Carrots,Blueberries",17,g,Like it!
09/27/2019 4:20:27 PM,"Pears,Carrots,Blueberries",29,g,Like it!
09/27/2019 2:45:23 PM,"Pears,Carrots,Blueberries",50,g,Love it!
09/27/2019 12:12:46 PM,"Applesauce,Other,Spinach,Strawberries",34,g,Love it!
09/27/2019 10:49:08 AM,"Applesauce,Other,Spinach,Strawberries",65,g,Love it!
09/26/2019 9:35:07 AM,"Applesauce,Mango,Carrots",103,g,Like it!
09/26/2019 12:45:58 PM,"Applesauce,Blueberries,Spinach",103,g,Like it!
09/26/2019 12:55:15 PM,Avocados,59,g,Like it!
09/25/2019 12:35:06 PM,"Applesauce,Mango,Carrots",118,g,Like it!
09/25/2019 5:45:04 PM,Avocados,8,g,Like it!
09/25/2019 9:50:27 AM,"Blueberries,Spinach,Applesauce",103,g,Like it!
09/24/2019 12:45:50 PM,"Applesauce,Blueberries,Spinach",103,g,Like it!
09/24/2019 10:00:15 AM,Avocados,44,g,Like it!
09/23/2019 10:00:00 AM,Avocados,44,g,Like it!
09/23/2019 12:30:23 PM,"Applesauce,Blueberries,Spinach",103,g,Like it!
09/22/2019 6:14:22 PM,"Applesauce,Carrots,Mango",53,g,Like it!
09/22/2019 11:02:29 AM,"Pears,Peaches,Strawberries",41,g,Love it!
09/22/2019 3:31:09 PM,"Applesauce,Carrots,Mango",14,g,Like it!
09/22/2019 10:16:28 AM,Rice cereal,29,g,Like it!
09/22/2019 11:08:31 AM,"Applesauce,Carrots,Mango",11,g,Like it!
09/21/2019 7:48:06 PM,Rice cereal,8,g,Hate it!
09/21/2019 8:30:27 AM,Rice cereal,23,g,Like it!
09/21/2019 12:03:48 PM,"Pears,Peaches,Strawberries",100,g,Love it!
09/21/2019 4:32:52 PM,"Pears,Peaches,Strawberries",23,g,Like it!
09/20/2019 10:55:23 AM,"Chicken,Other",17,g,Like it!
09/20/2019 3:50:34 PM,"Chicken,Other",10,g,Like it!
09/20/2019 8:35:02 AM,"Chicken,Other",11,g,Like it!
09/19/2019 10:00:10 AM,Avocados,14,g,Like it!
09/19/2019 12:30:54 PM,"Chicken,Other",88,g,Like it!
09/19/2019 3:40:40 PM,"Chicken,Other",29,g,Like it!
09/18/2019 12:45:39 PM,Avocados,44,g,Like it!
09/18/2019 5:30:39 PM,Rice cereal,44,g,Like it!
09/18/2019 9:55:29 AM,"Chicken,Other",73,g,Like it!
09/17/2019 9:45:27 AM,"Beef,Other",88,g,Like it!
09/17/2019 12:30:10 PM,"Chicken,Other",118,g,Like it!
09/16/2019 9:45:16 AM,"Beef,Other",118,g,Like it!
09/16/2019 12:45:59 PM,"Beef,Other",88,g,Like it!
09/15/2019 11:50:09 AM,"Bananas,Other",26,g,Like it!
09/14/2019 7:15:41 PM,"Bananas,Other,Blueberries",14,g,Like it!
09/14/2019 9:45:23 AM,"Chicken,Other",23,g,Like it!
09/14/2019 12:45:26 PM,"Bananas,Other,Blueberries",53,g,Love it!
09/13/2019 5:27:03 PM,"Chicken,Other",8,g,Hate it!
09/13/2019 12:50:39 PM,"Chicken,Other",10,g,Hate it!
09/13/2019 3:55:06 PM,"Chicken,Other",11,g,Like it!
09/13/2019 10:15:00 AM,"Chicken,Other",14,g,Hate it!
09/12/2019 12:45:45 PM,"Chicken,Apricots",118,g,Like it!
09/12/2019 9:45:14 AM,Avocados,44,g,Like it!
09/11/2019 9:45:59 AM,"Chicken,Apricots",73,g,Like it!
09/11/2019 3:45:33 PM,Avocados,38,g,Like it!
09/11/2019 12:45:10 PM,"Sweet potatoes,Bananas,Other",110,g,Like it!
09/10/2019 12:40:26 PM,Avocados,65,g,Like it!
09/10/2019 10:30:41 AM,"Chicken,Apricots",68,g,Like it!
09/09/2019 12:30:44 PM,"Applesauce,Beef",59,g,Like it!
09/09/2019 10:00:01 AM,"Applesauce,Beef",59,g,Like it!
09/08/2019 8:40:30 AM,Rice cereal,17,g,Like it!
09/08/2019 12:00:23 PM,"Beef,Applesauce",44,g,Love it!
09/07/2019 3:50:33 PM,Cheerios,2,g,Like it!
09/07/2019 3:35:23 PM,"Beef,Applesauce",48,g,Love it!
09/06/2019 3:45:12 PM,"Beef,Applesauce",62,g,Love it!
09/06/2019 8:50:19 AM,Avocados,17,g,Like it!
09/06/2019 11:47:00 AM,Avocados,4,g,Like it!
09/05/2019 3:30:28 PM,"Apricots,Chicken",44,g,Like it!
09/05/2019 12:45:12 PM,Avocados,59,g,Like it!
09/05/2019 9:45:50 AM,"Apricots,Chicken",59,g,Like it!
09/04/2019 3:50:11 PM,"Apricots,Chicken",50,g,Like it!
09/04/2019 5:50:39 PM,Avocados,10,g,Like it!
09/03/2019 4:45:24 PM,"Apricots,Chicken",14,g,Like it!
09/03/2019 8:05:21 AM,Rice cereal,8,g,Hate it!
09/03/2019 12:30:26 PM,"Apricots,Chicken",42,g,Love it!
09/02/2019 8:35:10 AM,"Apricots,Chicken",2,g,Hate it!
09/01/2019 9:30:40 AM,"Chicken,Peas",14,g,Like it!
09/01/2019 5:28:56 PM,"Apricots,Chicken",8,g,Like it!
09/01/2019 7:59:12 AM,Rice cereal,14,g,Like it!
09/01/2019 11:05:20 AM,Avocados,29,g,Love it!
09/01/2019 11:45:40 AM,Mac & cheese,5,g,Like it!
09/01/2019 3:15:23 PM,"Peas,Chicken",10,g,Like it!
09/01/2019 3:30:49 PM,Bananas,2,g,Like it!
08/31/2019 9:11:59 AM,Oatmeal,14,g,Hate it!
08/30/2019 12:10:25 PM,"Apricots,Sweet potatoes,Bananas",90,g,Love it!
08/30/2019 8:40:47 AM,Rice cereal,5,g,Hate it!
08/29/2019 5:37:38 PM,Rice cereal,8,g,Hate it!
08/29/2019 9:15:28 AM,Rice cereal,5,g,Hate it!
08/28/2019 9:35:27 AM,"Apricots,Chicken",59,g,Love it!
08/28/2019 5:30:34 PM,Avocados,2,g,Hate it!
08/27/2019 11:50:45 AM,"Apricots,Sweet potatoes,Bananas",29,g,Like it!
08/27/2019 6:00:43 PM,"Apricots,Chicken",44,g,Love it!
08/25/2019 4:20:44 PM,"Applesauce,Beef",2,g,Hate it!
08/25/2019 4:41:43 PM,"Apricots,Sweet potatoes,Bananas",14,g,Like it!
08/25/2019 6:15:32 PM,Rice cereal,7,g,Hate it!
08/24/2019 5:26:41 PM,"Apricots,Sweet potatoes,Bananas",20,g,Love it!
08/23/2019 8:51:47 AM,"Applesauce,Beef",8,g,Hate it!
08/23/2019 5:20:39 PM,Rice cereal,35,g,Like it!
08/23/2019 8:40:46 AM,"Apricots,Sweet potatoes,Chicken",5,g,Like it!
08/22/2019 4:48:54 PM,"Apricots,Chicken",19,g,Like it!
08/22/2019 1:15:59 PM,"Apricots,Chicken",47,g,Love it!
08/21/2019 4:43:41 PM,"Apricots,Chicken",29,g,Like it!
08/20/2019 4:45:38 PM,Oatmeal,14,g,Like it!
08/19/2019 5:06:04 PM,"Pears,Peas,Broccoli",5,g,Hate it!
08/18/2019 5:40:44 PM,"Pears,Peas,Broccoli",5,g,Hate it!
08/17/2019 5:01:36 PM,Oatmeal,5,g,Hate it!
08/14/2019 5:47:18 PM,"Bananas,Blueberries,Other",7,g,Like it!
08/10/2019 8:15:28 AM,"Pears,Peas,Broccoli",2,g,Hate it!
08/09/2019 8:21:03 AM,"Pears,Peas,Broccoli",2,g,Hate it!
08/09/2019 3:52:13 PM,"Pears,Peas,Broccoli",5,g,Hate it!
08/06/2019 8:00:15 AM,"Pears,Mango,Spinach",26,g,Like it!
08/05/2019 7:56:17 AM,Oatmeal,2,g,Hate it!
08/05/2019 8:01:34 AM,"Apricots,Pumpkin,Chicken",14,g,Like it!
08/05/2019 5:10:59 PM,"Chicken,Apricots,Melons",17,g,Like it!
08/04/2019 5:40:14 PM,"Apricots,Chicken",51,g,Love it!
08/04/2019 8:03:06 AM,Yogurt,14,g,Hate it!
08/03/2019 5:45:22 PM,"Pears,Peas,Broccoli",44,g,Like it!
08/03/2019 1:00:27 PM,Oatmeal,14,g,Like it!
08/03/2019 8:06:27 AM,"Pears,Peas,Broccoli",32,g,Love it!
08/02/2019 8:04:57 AM,Rice cereal,11,g,Like it!
08/02/2019 5:40:48 PM,Oatmeal,29,g,Like it!
08/01/2019 8:10:34 AM,Yogurt,11,g,Like it!
08/01/2019 4:40:12 PM,"Apricots,Sweet potatoes,Bananas",29,g,Like it!
07/31/2019 6:20:07 PM,"Apricots,Sweet potatoes,Bananas",39,g,Love it!
07/31/2019 8:05:54 AM,Yogurt,29,g,Like it!
07/30/2019 1:25:51 PM,Rice cereal,20,g,Hate it!
07/30/2019 8:10:06 AM,Yogurt,29,g,Like it!
07/30/2019 5:55:35 PM,"Apricots,Sweet potatoes,Bananas",44,g,Love it!
07/29/2019 8:20:59 AM,Yogurt,44,g,Like it!
07/29/2019 6:24:39 PM,"Pears,Mango,Spinach",45,g,Like it!
07/28/2019 5:15:39 PM,"Pears,Mango,Spinach",63,g,Love it!
07/28/2019 8:10:53 AM,Yogurt,35,g,Like it!
07/27/2019 7:40:09 PM,"Bananas,Blueberries,Other",38,g,Love it!
07/27/2019 1:30:53 PM,"Bananas,Blueberries,Other",41,g,Love it!
07/26/2019 1:20:21 PM,Oatmeal,14,g,Like it!
07/26/2019 5:00:48 PM,"Bananas,Other,Blueberries",29,g,Love it!
07/25/2019 12:25:49 PM,Rice cereal,5,g,Hate it!
07/25/2019 12:30:05 PM,"Pears,Peas,Broccoli",23,g,Like it!
07/25/2019 3:32:54 PM,"Pears,Peas,Broccoli",17,g,Love it!
07/25/2019 8:30:45 AM,Yogurt,20,g,Like it!
07/24/2019 12:40:31 PM,"Sweet potatoes,Bananas,Apricots",35,g,Love it!
07/24/2019 8:47:48 AM,Yogurt,29,g,Like it!
07/23/2019 1:35:21 PM,Rice cereal,44,g,Like it!
07/23/2019 8:15:39 AM,Yogurt,11,g,Hate it!
07/22/2019 5:20:55 PM,"Pears,Peas,Broccoli",35,g,Love it!
07/22/2019 8:20:03 AM,Yogurt,32,g,Like it!
07/22/2019 4:25:33 PM,Oatmeal,20,g,Like it!
07/21/2019 8:30:24 AM,Yogurt,29,g,Like it!
07/21/2019 5:15:16 PM,"Pears,Mango,Spinach",25,g,Love it!
07/21/2019 5:21:13 PM,"Pears,Peas,Broccoli",22,g,Love it!
07/20/2019 8:15:26 AM,Yogurt,29,g,Like it!
07/20/2019 3:55:09 PM,Oatmeal,53,g,Love it!
07/20/2019 5:30:39 PM,"Pears,Mango,Spinach",41,g,Love it!
07/19/2019 6:00:42 PM,"Mango,Pears,Spinach",41,g,Love it!
07/19/2019 11:00:06 AM,"Apricots,Sweet potatoes,Bananas",38,g,Like it!
07/19/2019 8:20:12 AM,Yogurt,29,g,Like it!
07/18/2019 9:15:08 AM,Prunes,29,g,Love it!
07/18/2019 5:00:38 PM,Prunes,20,g,Love it!
07/18/2019 9:00:18 AM,Yogurt,19,g,Like it!
07/18/2019 5:10:47 PM,Oatmeal,29,g,Like it!
07/17/2019 9:25:33 AM,Yogurt,29,g,Like it!
07/17/2019 6:05:24 PM,Oatmeal,14,g,Like it!
07/17/2019 4:22:25 PM,Yogurt,14,g,Like it!
07/16/2019 11:37:18 AM,Prunes,29,g,Like it!
07/15/2019 12:15:46 PM,"Pears,Mango",41,g,Love it!
07/15/2019 1:20:10 PM,Oatmeal,8,g,Hate it!
07/14/2019 4:45:17 PM,"Pears,Mango",23,g,Like it!
07/13/2019 4:05:47 PM,Sweet potatoes,62,g,Love it!
07/12/2019 11:35:19 AM,"Pears,Other,Peas",11,g,Hate it!
07/12/2019 4:02:39 PM,Sweet potatoes,17,g,Like it!
07/11/2019 2:50:57 PM,"Pears,Peas,Other",11,g,Hate it!
07/10/2019 3:20:30 PM,"Pears,Other,Peas",8,g,Hate it!
07/09/2019 1:10:15 PM,"Applesauce,Blueberries,Oatmeal",20,g,Like it!
07/08/2019 9:20:57 AM,"Pears,Peas,Other",5,g,Hate it!
07/07/2019 9:30:22 AM,"Applesauce,Blueberries,Oatmeal",14,g,Like it!
07/05/2019 11:05:12 AM,"Blueberries,Applesauce,Oatmeal",14,g,Like it!
07/04/2019 1:40:27 PM,"Blueberries,Applesauce,Oatmeal",7,g,Hate it!
07/04/2019 1:30:57 PM,Sweet potatoes,11,g,Love it!
07/03/2019 6:45:41 PM,Sweet potatoes,14,g,Love it!
07/03/2019 11:15:42 AM,Sweet potatoes,20,g,Love it!
07/02/2019 8:50:26 AM,Sweet potatoes,2,g,Like it!
06/29/2019 1:20:55 PM,Sweet potatoes,29,g,Like it!
06/29/2019 4:25:08 PM,Oatmeal,2,g,Hate it!
06/28/2019 1:35:43 PM,Carrots,35,g,Love it!
06/27/2019 3:12:53 PM,Carrots,35,g,Love it!
06/26/2019 2:57:55 PM,Carrots,35,g,Love it!
06/25/2019 2:35:37 PM,Carrots,22,g,Like it!
06/21/2019 1:25:28 PM,Pears,5,g,Like it!
06/21/2019 6:05:13 PM,Pears,11,g,Like it!
06/20/2019 8:55:39 AM,Pears,2,g,Like it!
06/19/2019 11:45:04 AM,Pears,11,g,Hate it!
06/17/2019 1:15:05 PM,Pears,14,g,Love it!
06/16/2019 1:40:48 PM,Pears,41,g,Love it!
06/13/2019 1:25:21 PM,Prunes,29,g,Like it!
06/12/2019 12:40:58 PM,Prunes,22,g,Like it!
06/11/2019 1:00:02 PM,Prunes,17,g,Like it!
06/09/2019 4:23:02 PM,Prunes,23,g,Like it!
06/08/2019 1:25:55 PM,Prunes,7,g,Like it!
06/08/2019 1:10:06 PM,Oatmeal,7,g,Hate it!
06/07/2019 12:32:16 PM,Prunes,7,g,Like it!
06/06/2019 12:25:00 PM,Prunes,7,g,Like it!
06/05/2019 12:35:25 PM,Prunes,17,g,Like it!
06/04/2019 12:30:50 PM,Prunes,8,g,Like it!
06/03/2019 12:30:01 PM,Prunes,13,g,Like it!
06/02/2019 3:35:39 PM,Oatmeal,14,g,Hate it!
06/02/2019 12:05:58 PM,Prunes,14,g,Like it!
06/01/2019 8:50:25 AM,Prunes,11,g,Like it!
06/01/2019 5:12:27 PM,Prunes,10,g,Like it!
05/30/2019 12:30:45 PM,Prunes,7,g,Hate it!
05/26/2019 12:49:47 PM,Applesauce,7,g,Hate it!
05/24/2019 12:30:16 PM,Applesauce,14,g,Like it!
05/20/2019 12:30:26 PM,Applesauce,12,g,Hate it!
05/19/2019 12:40:46 PM,Applesauce,7,g,Hate it!
05/11/2019 12:48:51 PM,Bananas,7,g,Like it!
05/10/2019 12:50:35 PM,Bananas,8,g,Like it!
05/09/2019 12:10:54 PM,Bananas,9,g,Like it!
05/08/2019 12:05:18 PM,Bananas,7,g,Like it!
05/07/2019 12:35:07 PM,Sweet potatoes,11,g,Hate it!
05/06/2019 12:15:55 PM,Bananas,12,g,Like it!
05/03/2019 12:10:01 PM,Melons,8,g,Like it!
05/02/2019 12:40:56 PM,Melons,5,g,Like it!
05/01/2019 12:40:46 PM,Bananas,15,g,Like it!
04/29/2019 6:12:24 PM,Bananas,11,g,Like it!
04/27/2019 12:10:27 PM,Bananas,8,g,Like it!
04/26/2019 12:10:37 PM,Bananas,4,g,Like it!
